step,pos_red1,health_red1,action_red1,pos_red2,health_red2,action_red2,pos_red3,health_red3,action_red3,pos_blue1,health_blue1,action_blue1
0,[-50.  40.   0.],20.0000,3.0000,[-50.  20.   0.],20.0000,3.0000,[-50.   0.   0.],20.0000,3.0000,[-50. -20.   0.],20.0000,2.0000
1,[-49.  40.   0.],20.0000,3.0000,[-49.  20.   0.],20.0000,3.0000,[-49.   0.   0.],20.0000,3.0000,[-50. -20.   0.],20.0000,2.0000
2,[-47.908447  40.024513   6.157808],20.0000,3.0000,[-47.908447  20.024515   6.157808],20.0000,3.0000,[-4.7908447e+01  2.4514958e-02  6.1578078e+00],20.0000,3.0000,[-49.30282   -19.949398    6.0364184],20.0000,2.0000
3,[-46.818954   39.939648    6.0227113],20.0000,3.0000,[-46.818954   19.939646    6.0227113],20.0000,3.0000,[-46.818954    -0.06035394   6.0227113 ],20.0000,6.0000,[-48.64358  -20.006083   5.777385],20.0000,3.0000
4,[-45.74399    39.734425    5.8890786],20.0000,3.0000,[-45.74399    19.734426    5.8890786],20.0000,3.0000,[-45.74629     -0.27418908   6.164355  ],20.0000,6.0000,[-48.022305  -20.17856     5.6246705],20.0000,3.0000
5,[-44.697693   39.40769     5.7630982],20.0000,3.0000,[-44.697693   19.40769     5.7630982],20.0000,3.0000,[-44.659317    -0.37748924   0.12669398],20.0000,6.0000,[-47.444252 -20.429459   5.525221],20.0000,3.0000
6,[-43.69334   38.964993   5.647391],20.0000,3.0000,[-43.69334   18.964994   5.647391],20.0000,3.0000,[-43.57209     -0.27427307   0.39406323],20.0000,6.0000,[-46.90743   -20.73536     5.4462905],20.0000,3.0000
7,[-42.741707  38.416225   5.541472],20.0000,3.0000,[-42.741707  18.416224   5.541472],20.0000,3.0000,[-42.5268       0.05487981   0.6615465 ],20.0000,3.0000,[-46.40822 -21.08391   5.36943],20.0000,3.0000
8,[-41.850777  37.772808   5.442904],20.0000,3.0000,[-41.850777  17.77281    5.442904],20.0000,3.0000,[-41.57961     0.6151234   0.6365251],20.0000,3.0000,[-45.94538   -21.470163    5.2879066],20.0000,3.0000
9,[-41.026657  37.04559    5.348773],20.0000,3.0000,[-41.026657  17.045588   5.348773],20.0000,3.0000,[-40.639004    1.1789651   0.4948867],20.0000,3.0000,[-45.520164 -21.892092   5.201221],20.0000,3.0000
10,[-40.27469   36.244015   5.256722],20.0000,3.0000,[-40.27469   16.244015   5.256722],20.0000,3.0000,[-39.651405     1.6473356    0.32791746],20.0000,3.0000,[-45.1352    -22.34798     5.1109676],20.0000,3.0000
11,[-39.60007    35.37642     5.1652904],20.0000,3.0000,[-39.60007    15.376421    5.1652904],20.0000,3.0000,[-38.61382      1.9865563    0.16949743],20.0000,3.0000,[-44.793564 -22.835432   5.018842],20.0000,3.0000
12,[-39.007954   34.45063     5.0737844],20.0000,3.0000,[-39.007954   14.450628    5.0737844],20.0000,3.0000,[-3.7541924e+01  2.1941543e+00  2.1212783e-02],20.0000,3.0000,[-44.49822  -23.351217   4.926012],20.0000,3.0000
13,[-38.503223  33.474483   4.981991],20.0000,3.0000,[-38.503223  13.474483   4.981991],20.0000,3.0000,[-36.451813    2.2737362   6.161791 ],20.0000,3.0000,[-44.25174   -23.89143     4.8330965],20.0000,4.0000
14,[-38.09026   32.456135   4.889929],20.0000,3.0000,[-38.09026   12.456136   4.889929],20.0000,3.0000,[-35.358128    2.2248828   6.0267434],20.0000,3.0000,[-44.059185  -24.452053    4.8320913],20.0000,4.0000
15,[-37.77272   31.404127   4.79769 ],20.0000,3.0000,[-37.77272   11.404126   4.79769 ],20.0000,3.0000,[-34.27573     2.049238    5.9020905],20.0000,3.0000,[-43.88766 -25.01502   4.86326],20.0000,3.0000
16,[-37.553436   30.327341    4.7053604],20.0000,3.0000,[-37.553436   10.327341    4.7053604],20.0000,3.0000,[-33.218582    1.7528245   5.7886925],20.0000,3.0000,[-43.716755 -25.5749     4.806009],20.0000,4.0000
17,[-37.434345   29.234924    4.6129985],20.0000,3.0000,[-37.434345    9.234924    4.6129985],20.0000,3.0000,[-32.19835     1.3450264   5.6849732],20.0000,3.0000,[-43.57722   -26.143408    4.8000383],20.0000,4.0000
18,[-37.416496  28.136177   4.520634],20.0000,3.0000,[-37.416496   8.136177   4.520634],20.0000,3.0000,[-31.224176     0.83620584   5.587978  ],20.0000,3.0000,[-43.450596 -26.713476   4.813502],20.0000,4.0000
19,[-37.50005   27.040466   4.428278],20.0000,3.0000,[-37.50005     7.0404654   4.428278 ],20.0000,3.0000,[-30.303497     0.23586588   5.4947314 ],20.0000,3.0000,[-43.327633 -27.282867   4.831435],20.0000,3.0000
20,[-37.684296  25.957127   4.335932],20.0000,3.0000,[-37.684296   5.957127   4.335932],20.0000,3.0000,[-29.443012    -0.44788504   5.4030514 ],20.0000,6.0000,[-43.2016    -27.850767    4.7560496],20.0000,4.0000
21,[-37.96765    24.895393    4.2435927],20.0000,3.0000,[-37.96765     4.895394    4.2435927],20.0000,3.0000,[-28.656086   -1.2136151   5.586974 ],20.0000,6.0000,[-43.10884   -28.426085    4.7356973],20.0000,4.0000
22,[-38.3477     23.864311    4.1512575],20.0000,3.0000,[-38.3477      3.864311    4.1512575],20.0000,3.0000,[-27.784319   -1.8726765   5.865416 ],20.0000,6.0000,[-43.030838 -29.003218   4.738003],20.0000,4.0000
23,[-38.8212     22.872663    4.0589237],20.0000,3.0000,[-38.8212      2.872663    4.0589237],20.0000,3.0000,[-26.794579   -2.3334174   6.1470275],20.0000,3.0000,[-42.95845   -29.580334    4.7481885],20.0000,4.0000
24,[-39.384117   21.928898    3.9665902],20.0000,3.0000,[-39.384117    1.9288974   3.9665902],20.0000,3.0000,[-25.723707   -2.5588048   6.1449375],20.0000,3.0000,[-42.887547 -30.156937   4.759704],20.0000,4.0000
25,[-40.03165    21.041054    3.8742566],20.0000,3.0000,[-40.03165     1.0410545   3.8742566],20.0000,3.0000,[-24.651598   -2.7741263   6.039176 ],20.0000,3.0000,[-42.816517  -30.732986    4.7700706],20.0000,4.0000
26,[-40.758293   20.216698    3.7819226],20.0000,6.0000,[-40.758293     0.21669827   3.7819226 ],20.0000,6.0000,[-23.600565   -3.0707116   5.8987036],20.0000,3.0000,[-42.744926  -31.308575    4.7786856],20.0000,4.0000
27,[-41.56317    19.470001    3.9648645],20.0000,6.0000,[-41.56317    -0.5299981   3.9648645],20.0000,6.0000,[-22.58841    -3.4794042   5.7535768],20.0000,3.0000,[-42.672775 -31.883814   4.78566 ],20.0000,4.0000
28,[-42.266357  18.633446   4.242568],20.0000,6.0000,[-42.266357   -1.3665537   4.242568 ],20.0000,6.0000,[-21.629227   -4.0015273   5.610344 ],20.0000,3.0000,[-42.600204 -32.458797   4.791295],20.0000,4.0000
29,[-42.77809   17.669077   4.52389 ],20.0000,6.0000,[-42.77809    -2.3309221   4.52389  ],20.0000,6.0000,[-20.735348  -4.631317   5.470712],20.0000,3.0000,[-42.52736  -33.033596   4.795893],20.0000,4.0000
30,[-43.068005  16.613146   4.796988],20.0000,6.0000,[-43.068005   -3.3868537   4.796988 ],20.0000,6.0000,[-19.919302   -5.3618417   5.33867  ],20.0000,3.0000,[-42.454357 -33.60826    4.799697],20.0000,4.0000
31,[-43.117393   15.513488    5.0526347],20.0000,6.0000,[-43.117393   -4.4865127   5.0526347],20.0000,3.0000,[-19.191425  -6.182513   5.217147],20.0000,3.0000,[-42.38128  -34.182827   4.802891],20.0000,4.0000
32,[-42.920135   14.425385    5.2783666],20.0000,6.0000,[-42.911728  -5.571639   5.003091],20.0000,3.0000,[-18.55823    -7.0797477   5.1065154],20.0000,3.0000,[-42.30819   -34.75732     4.8056097],20.0000,4.0000
33,[-42.49629   13.401447   5.473904],20.0000,6.0000,[-42.71205   -6.651257   4.834743],20.0000,3.0000,[-18.022503  -8.039135   5.004805],20.0000,3.0000,[-42.235123 -35.331764   4.807952],20.0000,4.0000
34,[-41.882114   12.478861    5.6505795],20.0000,6.0000,[-42.63796   -7.741921   4.653315],20.0000,3.0000,[-17.584875   -9.047332    4.9089913],20.0000,3.0000,[-42.16211  -35.906166   4.809992],20.0000,4.0000
35,[-41.113018   11.68176     5.8210745],20.0000,6.0000,[-42.714333   -8.830864    4.4896717],20.0000,3.0000,[-17.245481  -10.092728    4.8162804],20.0000,3.0000,[-42.089165  -36.48054     4.8117843],20.0000,4.0000
36,[-40.218254   11.02987     5.9926143],20.0000,6.0000,[-42.930077  -9.901199   4.339835],20.0000,3.0000,[-17.004831 -11.165106   4.724747],20.0000,3.0000,[-42.016304  -37.054893    4.8133717],20.0000,4.0000
37,[-39.224857   10.541913    6.1670446],20.0000,3.0000,[-43.272633 -10.939275   4.196994],20.0000,3.0000,[-16.863804 -12.254999   4.633361],20.0000,3.0000,[-41.943527  -37.62923     4.8147864],20.0000,4.0000
38,[-38.160786  10.242898   6.068299],20.0000,3.0000,[-43.735825 -11.931411   4.062441],20.0000,3.0000,[-16.823261 -13.35318    4.541725],20.0000,3.0000,[-41.870842 -38.20356    4.816055],20.0000,4.0000
39,[-37.11792     9.902093    5.8780484],20.0000,3.0000,[-44.311893 -12.864628   3.93865 ],20.0000,3.0000,[-16.883623 -14.450422   4.449784],20.0000,3.0000,[-41.798252 -38.777878   4.817198],20.0000,4.0000
40,[-36.134094    9.426711    5.6932583],20.0000,3.0000,[-44.98961   -13.728535    3.8261573],20.0000,6.0000,[-17.044567  -15.537461    4.3576145],20.0000,3.0000,[-41.725754  -39.352196    4.8182325],20.0000,4.0000
41,[-35.228367    8.817485    5.5311346],20.0000,3.0000,[-45.761402  -14.509212    3.9984374],20.0000,6.0000,[-17.3049    -16.605066    4.2653155],20.0000,3.0000,[-41.65335   -39.92651     4.8191733],20.0000,4.0000
42,[-34.407505    8.097155    5.3823943],20.0000,3.0000,[-46.434822  -15.370018    4.2722144],20.0000,6.0000,[-17.66251   -17.644136    4.1729608],20.0000,3.0000,[-41.58104   -40.50082     4.8200316],20.0000,4.0000
43,[-33.677597    7.2828245   5.2411146],20.0000,3.0000,[-46.915565  -16.350157    4.5529265],20.0000,6.0000,[-18.114407 -18.645811   4.080594],20.0000,3.0000,[-41.50882   -41.075134    4.8208175],20.0000,4.0000
44,[-33.04757    6.386715   5.109052],20.0000,3.0000,[-47.17234  -17.41444    4.826101],20.0000,6.0000,[-18.656752  -19.601543    3.9882329],20.0000,3.0000,[-41.436687 -41.64945    4.821539],20.0000,4.0000
45,[-32.52423     5.4224825   4.988226 ],20.0000,3.0000,[-47.187866  -18.514862    5.0826054],20.0000,6.0000,[-19.284927  -20.50319     3.8958821],20.0000,3.0000,[-41.36464  -42.223766   4.822203],20.0000,4.0000
46,[-32.110283   4.405214   4.878467],20.0000,3.0000,[-46.95717   -19.596207    5.3095956],20.0000,6.0000,[-19.99357  -21.343065   3.80354 ],20.0000,3.0000,[-41.29268   -42.798088    4.8228164],20.0000,4.0000
47,[-31.80488     3.3496244   4.777486 ],20.0000,3.0000,[-46.50134   -20.60626     5.5061703],20.0000,6.0000,[-20.77664   -22.11402     3.7112033],20.0000,3.0000,[-41.220795  -43.372414    4.8233833],20.0000,4.0000
48,[-31.605574   2.268747   4.682143],20.0000,3.0000,[-45.857788 -21.508623   5.683349],20.0000,6.0000,[-21.627459 -22.809488   3.618869],20.0000,3.0000,[-41.148994  -43.946743    4.8239098],20.0000,4.0000
49,[-31.509993    1.1738029   4.58967  ],20.0000,3.0000,[-45.06308  -22.280237   5.853923],20.0000,6.0000,[-22.538778  -23.423544    3.5265357],20.0000,3.0000,[-41.077267  -44.521076    4.8243985],20.0000,4.0000
50,[-31.516481    0.0747789   4.498219 ],20.0000,3.0000,[-44.147434 -22.902487   6.025364],20.0000,6.0000,[-23.502834  -23.950956    3.4342022],20.0000,3.0000,[-41.005615  -45.095417    4.8248534],20.0000,4.0000
51,[-31.62389    -1.0189334   4.4068365],20.0000,3.0000,[-43.138603  -23.35769     6.1996856],20.0000,3.0000,[-24.511412  -24.387236    3.3418684],20.0000,3.0000,[-40.934032 -45.669758   4.825278],20.0000,4.0000
52,[-31.83106   -2.098154   4.315176],20.0000,3.0000,[-42.065342 -23.621817   6.10088 ],20.0000,3.0000,[-25.55592   -24.728662    3.2495344],20.0000,6.0000,[-40.86252   -46.244106    4.8256745],20.0000,4.0000
53,[-32.136353   -3.153793    4.2232084],20.0000,3.0000,[-41.011925  -23.928453    5.9106107],20.0000,3.0000,[-26.62842  -24.963463   3.432476],20.0000,6.0000,[-40.79107   -46.818462    4.8260455],20.0000,4.0000
54,[-32.537388   -4.176891    4.1310205],20.0000,3.0000,[-40.013138  -24.37154     5.7258215],20.0000,3.0000,[-27.658913  -25.327303    3.7101796],20.0000,6.0000,[-40.71968  -47.39282    4.826393],20.0000,4.0000
55,[-33.03091    -5.1587176   4.0387115],20.0000,3.0000,[-39.08805  -24.950943   5.563702],20.0000,3.0000,[-28.589325  -25.898449    3.9915016],20.0000,6.0000,[-40.648357  -47.967182    4.8267193],20.0000,4.0000
56,[-33.612827   -6.090882    3.9463532],20.0000,3.0000,[-38.24416   -25.644156    5.4149632],20.0000,3.0000,[-29.3751  -26.66108   4.2646 ],20.0000,6.0000,[-40.57709   -48.54155     4.8270254],20.0000,4.0000
57,[-34.278217   -6.9654193   3.8539853],20.0000,3.0000,[-37.488113 -26.434278   5.273686],20.0000,3.0000,[-29.975828  -27.583473    4.5202465],20.0000,6.0000,[-40.505882  -49.115925    4.8273134],20.0000,4.0000
58,[-35.021427   -7.7748675   3.761625 ],20.0000,3.0000,[-36.82923  -27.309391   5.141627],20.0000,3.0000,[-30.358185  -28.621105    4.7459784],20.0000,6.0000,[-40.43473   -49.690304    4.8275847],20.0000,4.0000
59,[-35.836117  -8.512328   3.669275],20.0000,6.0000,[-36.27476  -28.256065   5.020805],20.0000,3.0000,[-30.512745  -29.718468    4.9415154],20.0000,6.0000,[-40.36363  -50.264687   4.827841],20.0000,3.0000
60,[-36.71983    -9.163816    3.8522098],20.0000,6.0000,[-35.827896  -29.25931     4.9110494],20.0000,3.0000,[-30.45187   -30.825117    5.1181912],20.0000,6.0000,[-40.289623  -50.83873     4.7363234],20.0000,4.0000
61,[-37.5126    -9.916021   4.129912],20.0000,6.0000,[-35.488266  -30.30439     4.8100705],20.0000,3.0000,[-30.193823  -31.902285    5.2886863],20.0000,6.0000,[-40.25005  -51.4167     4.702979],20.0000,4.0000
62,[-38.129498 -10.81675    4.411234],20.0000,6.0000,[-35.253853 -31.3782     4.71473 ],20.0000,3.0000,[-29.75379  -32.918125   5.460226],20.0000,6.0000,[-40.224617 -51.995712   4.692106],20.0000,4.0000
63,[-38.536278  -11.833397    4.6843324],20.0000,6.0000,[-35.122646 -32.469448   4.622257],20.0000,3.0000,[-29.145567 -33.84279    5.634656],20.0000,6.0000,[-40.205276 -52.57497    4.690391],20.0000,4.0000
64,[-38.708973  -12.920533    4.9399796],20.0000,6.0000,[-35.093323  -33.5681      4.5308065],20.0000,3.0000,[-28.385927  -34.64764     5.8111863],20.0000,6.0000,[-40.188534 -53.15423    4.692234],20.0000,4.0000
65,[-38.635284 -14.023913   5.165713],20.0000,6.0000,[-35.165043  -34.664734    4.4394236],20.0000,3.0000,[-27.496897 -35.306866   5.988557],20.0000,6.0000,[-40.17288   -53.73341     4.6952443],20.0000,4.0000
66,[-38.329235 -15.089007   5.361251],20.0000,6.0000,[-35.33694  -35.75013    4.347763],20.0000,3.0000,[-26.505608  -35.79924     6.1659517],20.0000,6.0000,[-40.157658  -54.312504    4.6984315],20.0000,4.0000
67,[-37.822662 -16.07479    5.537927],20.0000,6.0000,[-35.607677  -36.815155    4.2557955],20.0000,3.0000,[-25.443012   -36.10917      0.05990434],20.0000,6.0000,[-40.142616  -54.891518    4.7014236],20.0000,4.0000
68,[-37.14805  -16.953295   5.708422],20.0000,6.0000,[-35.975163  -37.850777    4.1636076],20.0000,3.0000,[-24.342426   -36.227062     0.23681267],20.0000,3.0000,[-40.127666  -55.470467    4.7041097],20.0000,4.0000
69,[-36.332237  -17.701637    5.8799615],20.0000,6.0000,[-36.43644  -38.84816    4.071298],20.0000,3.0000,[-23.240368   -36.14074      0.13833366],20.0000,3.0000,[-40.112778 -56.04936    4.706483],20.0000,4.0000
70,[-35.39999  -18.298174   6.054392],20.0000,6.0000,[-36.987675 -39.79879    3.97894 ],20.0000,3.0000,[-22.14391   -36.100346    6.2307167],20.0000,3.0000,[-40.097958 -56.628204   4.708574],20.0000,4.0000
71,[-34.3783   -18.723593   6.230922],20.0000,6.0000,[-37.624218  -40.694542    3.8865721],20.0000,3.0000,[-21.056452  -36.206947    6.0454817],20.0000,3.0000,[-40.083206  -57.207012    4.7104187],20.0000,4.0000
72,[-33.297794   -18.963299     0.12510708],20.0000,6.0000,[-38.34066   -41.527775    3.7942116],20.0000,3.0000,[-19.996191  -36.46645     5.8831553],20.0000,3.0000,[-40.068535 -57.785793   4.712055],20.0000,4.0000
73,[-32.1919    -19.008963    0.3025023],20.0000,6.0000,[-39.13089   -42.291386    3.7018619],20.0000,3.0000,[-18.977335  -36.85967     5.7343445],20.0000,3.0000,[-40.05395   -58.364544    4.7135134],20.0000,4.0000
74,[-31.09524    -18.85896      0.47964004],20.0000,6.0000,[-39.98817   -42.978874    3.6095207],20.0000,6.0000,[-18.01148   -37.372517    5.5930276],20.0000,3.0000,[-40.039455 -58.94328    4.71482 ],20.0000,4.0000
75,[-30.042145  -18.51811     0.6565484],20.0000,6.0000,[-40.90921   -43.576427    3.7924602],20.0000,6.0000,[-17.111212  -37.99658     5.4609346],20.0000,3.0000,[-40.025055  -59.52199     4.7159963],20.0000,4.0000
76,[-29.065483  -17.997234    0.8333453],20.0000,6.0000,[-41.745483 -44.27995    4.070164],20.0000,6.0000,[-16.287624  -38.721375    5.3400803],20.0000,3.0000,[-40.010742 -60.100693   4.71706 ],20.0000,4.0000
77,[-28.195683  -17.31268     1.0101229],20.0000,0.0000,[-42.415066  -45.142235    4.3514867],20.0000,6.0000,[-15.548459 -39.533665   5.230299],20.0000,3.0000,[-39.99653   -60.679382    4.7180257],20.0000,4.0000
78,[-27.474947  -16.476337    0.6363688],20.0000,3.0000,[-42.88183  -46.13278    4.624585],20.0000,3.0000,[-14.897995 -40.41935    5.129303],20.0000,3.0000,[-39.982403  -61.25806     4.7189064],20.0000,4.0000
79,[-26.57463    -15.857998     0.37061983],20.0000,3.0000,[-43.110245  -47.208443    4.6049566],20.0000,3.0000,[-14.338423 -41.365337   5.033952],20.0000,3.0000,[-39.96837   -61.83673     4.7197113],20.0000,4.0000
80,[-25.566904   -15.437648     0.18758826],20.0000,0.0000,[-43.32911   -48.282722    4.4690022],20.0000,3.0000,[-13.87138  -42.36028    4.941476],20.0000,3.0000,[-39.954426  -62.41539     4.7204504],20.0000,4.0000
81,[-24.508667  -15.1594515   6.042455 ],20.0000,3.0000,[-43.646294 -49.328663   4.305328],20.0000,3.0000,[-13.498753 -43.394226   4.850024],20.0000,3.0000,[-39.940567 -62.994045   4.72113 ],20.0000,4.0000
82,[-23.40781   -15.253572    5.8402715],20.0000,3.0000,[-44.090275  -50.325928    4.1482253],20.0000,3.0000,[-13.222697 -44.457966   4.758642],20.0000,3.0000,[-39.926792 -63.572697   4.721757],20.0000,4.0000
83,[-22.344746  -15.559396    5.7390385],20.0000,3.0000,[-44.653946 -51.260983   4.000371],20.0000,3.0000,[-13.045285  -45.542473    4.6669827],20.0000,3.0000,[-39.9131   -64.151344   4.722337],20.0000,4.0000
84,[-21.327265  -15.986346    5.6752114],20.0000,3.0000,[-45.32457   -52.12406     3.8578842],20.0000,3.0000,[-12.968114  -46.63866     4.5750155],20.0000,3.0000,[-39.899487 -64.72999    4.722874],20.0000,4.0000
85,[-20.349537  -16.492342    5.6124897],20.0000,3.0000,[-46.092896  -52.903915    3.7228203],20.0000,6.0000,[-12.992029 -47.73729    4.482828],20.0000,3.0000,[-39.885952 -65.308624   4.723373],20.0000,4.0000
86,[-19.412706 -17.067774   5.539229],20.0000,3.0000,[-46.952744  -53.583096    3.8733625],20.0000,6.0000,[-13.116994 -48.829044   4.390519],20.0000,3.0000,[-39.87249   -65.88726     4.7238374],20.0000,4.0000
87,[-18.524242  -17.714294    5.4559135],20.0000,3.0000,[-47.735172 -54.3455     4.130821],20.0000,6.0000,[-13.342049  -49.90464     4.2981606],20.0000,3.0000,[-39.859097 -66.46589    4.72427 ],20.0000,4.0000
88,[-17.69387   -18.433619    5.3662734],20.0000,3.0000,[-48.35315   -55.24554     4.4047227],20.0000,6.0000,[-13.665324 -50.954906   4.205793],20.0000,3.0000,[-39.845776 -67.044525   4.724674],20.0000,4.0000
89,[-16.931063  -19.224264    5.2736306],20.0000,3.0000,[-48.766804  -56.259438    4.6756635],20.0000,6.0000,[-14.08408   -51.970882    4.1134324],20.0000,3.0000,[-39.832523 -67.62315    4.725052],20.0000,4.0000
90,[-16.244009 -20.081673   5.180058],20.0000,3.0000,[-48.948593 -57.345047   4.930654],20.0000,3.0000,[-14.594746  -52.943913    4.0210824],20.0000,3.0000,[-39.819332 -68.20178    4.725406],20.0000,5.0000
91,[-15.6394205 -20.999193    5.086551 ],20.0000,3.0000,[-48.876133 -58.447056   4.881116],20.0000,3.0000,[-15.192964  -53.865707    3.9287412],20.0000,3.0000,[-39.809174 -68.78045    4.817497],20.0000,4.0000
92,[-15.122685 -21.968979   4.993433],20.0000,3.0000,[-48.809086  -59.54291     4.7130136],20.0000,3.0000,[-15.873631 -54.728413   3.836405],20.0000,3.0000,[-39.764565  -69.3577      4.8514113],20.0000,4.0000
93,[-14.698121 -22.982542   4.900692],20.0000,3.0000,[-48.86789   -60.634502    4.5317693],20.0000,3.0000,[-16.630945 -55.52468    3.744071],20.0000,3.0000,[-39.706326  -69.93394     4.8634667],20.0000,4.0000
94,[-14.369154  -24.031048    4.8082075],20.0000,3.0000,[-49.0757    -61.706158    4.3682065],20.0000,3.0000,[-17.45845   -56.24773     3.6517377],20.0000,3.0000,[-39.64233   -70.50961     4.8666987],20.0000,4.0000
95,[-14.138416 -25.105455   4.715858],20.0000,3.0000,[-49.41953   -62.74247     4.2183986],20.0000,3.0000,[-18.3491    -56.891403    3.5594041],20.0000,3.0000,[-39.57586  -71.08498    4.866406],20.0000,5.0000
96,[-14.007764 -26.196562   4.623559],20.0000,3.0000,[-49.885307  -63.731407    4.0755677],20.0000,3.0000,[-19.295301  -57.45021     3.4670703],20.0000,3.0000,[-39.511242 -71.66063    4.956572],20.0000,4.0000
97,[-13.978259 -27.295063   4.531266],20.0000,3.0000,[-50.465263  -64.66013     3.9410195],20.0000,6.0000,[-20.288998  -57.9194      3.3747363],20.0000,3.0000,[-39.411533 -72.23223    4.988019],20.0000,4.0000
98,[-14.050138 -28.391605   4.438962],20.0000,3.0000,[-51.156513 -65.51049    4.092507],20.0000,6.0000,[-21.321722  -58.294964    3.2824018],20.0000,3.0000,[-39.296925  -72.80126     4.9958386],20.0000,4.0000
99,[-14.222794 -29.47685    4.346645],20.0000,3.0000,[-51.753666  -66.42535     4.3509345],20.0000,6.0000,[-22.384674  -58.57371     3.1900673],20.0000,3.0000,[-39.176003  -73.36884     4.9941273],20.0000,4.0000
100,[-14.494762  -30.541557    4.2543178],20.0000,3.0000,[-52.15963   -67.43882     4.6253185],20.0000,6.0000,[-23.468801 -58.75326    3.097733],20.0000,6.0000,[-39.052628 -73.93564    4.989087],20.0000,4.0000
101,[-14.863735 -31.576654   4.161985],20.0000,3.0000,[-52.340946  -68.5187      4.8964534],20.0000,6.0000,[-24.564474  -58.82318     3.2806745],20.0000,6.0000,[-38.928467  -74.502014    4.9833727],20.0000,4.0000
102,[-15.326574  -32.573322    4.0696497],20.0000,3.0000,[-52.28027  -69.617714   5.151658],20.0000,3.0000,[-25.638136 -59.027008   3.558378],20.0000,6.0000,[-38.804173 -75.068146   4.978013],20.0000,4.0000
103,[-15.879337  -33.52307     3.9773138],20.0000,3.0000,[-51.96787   -70.67697     5.1023517],20.0000,3.0000,[-26.644218 -59.45089    3.8397  ],20.0000,6.0000,[-38.679955  -75.63414     4.9733133],20.0000,4.0000
104,[-16.517317  -34.417805    3.8849783],20.0000,3.0000,[-51.66195  -71.73139    4.934437],20.0000,3.0000,[-27.53628  -60.085922   4.112798],20.0000,6.0000,[-38.555847 -76.20003    4.969289],20.0000,5.0000
105,[-17.235077 -35.249905   3.792643],20.0000,3.0000,[-51.4796   -72.80925    4.753271],20.0000,3.0000,[-28.269585  -60.906868    4.3684444],20.0000,6.0000,[-38.434696 -76.76659    5.057619],20.0000,4.0000
106,[-18.0265    -36.01228     3.7003083],20.0000,3.0000,[-51.446926  -73.900375    4.5897284],20.0000,3.0000,[-28.804453 -61.87475    4.594177],20.0000,6.0000,[-38.279465 -77.3258     5.088151],20.0000,4.0000
107,[-18.884848  -36.698433    3.6079738],20.0000,3.0000,[-51.554695 -74.98691    4.439924],20.0000,3.0000,[-29.123178 -62.93612    4.789714],20.0000,6.0000,[-38.109787  -77.88101     5.0953135],20.0000,4.0000
108,[-19.802805  -37.302525    3.5156393],20.0000,6.0000,[-51.791836 -76.05401    4.29709 ],20.0000,6.0000,[-29.23035   -64.039246    4.9663897],20.0000,6.0000,[-37.93405  -78.43416    5.093092],20.0000,4.0000
109,[-20.775808  -37.8111      3.6985807],20.0000,6.0000,[-52.161747 -77.083855   4.437809],20.0000,6.0000,[-29.138159  -65.14305     5.1368847],20.0000,6.0000,[-37.756023 -78.98629    5.087661],20.0000,4.0000
110,[-21.67435   -38.433132    3.9762845],20.0000,6.0000,[-52.426514 -78.14331    4.685343],20.0000,6.0000,[-28.856802  -66.21375     5.3084245],20.0000,6.0000,[-37.577312  -79.537926    5.0816565],20.0000,4.0000
111,[-22.421818  -39.228848    4.2576065],20.0000,6.0000,[-52.486027 -79.23365    4.954226],20.0000,6.0000,[-28.3954    -67.21976     5.4828544],20.0000,6.0000,[-37.398537 -80.08932    5.076085],20.0000,4.0000
112,[-22.97938   -40.171276    4.5307045],20.0000,6.0000,[-52.315197  -80.31578     5.2228513],20.0000,6.0000,[-27.766205  -68.130226    5.6593847],20.0000,6.0000,[-37.219883  -80.64057     5.0712304],20.0000,4.0000
113,[-23.316399 -41.21918    4.786351],20.0000,6.0000,[-51.909214  -81.339485    5.4749923],20.0000,6.0000,[-26.987085  -68.916306    5.8367553],20.0000,6.0000,[-37.041367 -81.191734   5.067092],20.0000,4.0000
114,[-23.412424 -42.320843   5.012083],20.0000,6.0000,[-51.28442  -82.25221    5.697621],20.0000,6.0000,[-26.081652 -69.55292    6.01415 ],20.0000,6.0000,[-36.862957 -81.74282    5.063577],20.0000,4.0000
115,[-23.272964  -43.420223    5.2076206],20.0000,6.0000,[-50.480553  -83.015076    5.8911724],20.0000,3.0000,[-25.078142 -70.019966   6.191288],20.0000,6.0000,[-36.684605  -82.293846    5.0605783],20.0000,5.0000
116,[-22.923212 -44.471912   5.384296],20.0000,3.0000,[-49.541634 -83.60102    5.791859],20.0000,3.0000,[-24.008041   -70.30294      0.08501109],20.0000,6.0000,[-36.509064 -82.845825   5.149759],20.0000,5.0000
117,[-22.383999  -45.43776     5.2795153],20.0000,3.0000,[-48.633728  -84.2179      5.5950084],20.0000,3.0000,[-22.904846   -70.39314      0.26180804],20.0000,6.0000,[-36.30303  -83.388374   5.272753],20.0000,5.0000
118,[-21.892378  -46.41879     5.0832567],20.0000,3.0000,[-47.823044  -84.95063     5.4058537],20.0000,3.0000,[-21.80299    -70.28788      0.43858558],20.0000,6.0000,[-36.053215  -83.91487     5.4042306],20.0000,5.0000
119,[-21.542404  -47.453876    4.8957925],20.0000,3.0000,[-47.12765  -85.792015   5.241949],20.0000,3.0000,[-20.736828  -69.99047     0.6153834],20.0000,3.0000,[-35.75429  -84.418785   5.53262 ],20.0000,5.0000
120,[-21.344938  -48.52742     4.7328877],20.0000,3.0000,[-46.546467  -86.71663     5.0926213],20.0000,3.0000,[-19.744745   -69.50289      0.51692915],20.0000,3.0000,[-35.40529  -84.89312    5.652503],20.0000,5.0000
121,[-21.28695  -49.61801    4.583937],20.0000,3.0000,[-46.07972   -87.70558     4.9511228],20.0000,3.0000,[-18.740881   -69.06006      0.32618412],20.0000,3.0000,[-35.008686 -85.33138    5.762533],20.0000,5.0000
122,[-21.360044  -50.70919     4.4427342],20.0000,3.0000,[-45.73223   -88.74443     4.8189754],20.0000,3.0000,[-17.691051  -68.757095    0.1409827],20.0000,3.0000,[-34.56927  -85.72853    5.864165],20.0000,5.0000
123,[-21.561523 -51.785984   4.310934],20.0000,3.0000,[-45.50653   -89.81806     4.6981235],20.0000,3.0000,[-16.60997   -68.60624     6.2618546],20.0000,3.0000,[-34.092747 -86.0811     5.960107],20.0000,4.0000
124,[-21.886206 -52.83399    4.19045 ],20.0000,3.0000,[-45.40085   -90.91124     4.5883656],20.0000,6.0000,[-15.517927  -68.59491     6.1130476],20.0000,3.0000,[-33.5838    -86.3839      5.9612193],20.0000,5.0000
125,[-22.325085 -53.840782   4.08101 ],20.0000,3.0000,[-45.41899   -92.00898     4.7626715],20.0000,6.0000,[-14.4309   -68.71433    5.971732],20.0000,3.0000,[-33.068768  -86.66889     6.0209155],20.0000,4.0000
126,[-22.867022 -54.79675    3.980262],20.0000,3.0000,[-45.30923  -93.09639    5.037594],20.0000,6.0000,[-13.363694  -68.961334    5.8396387],20.0000,3.0000,[-32.53659   -86.9187      6.0190697],20.0000,4.0000
127,[-23.501026  -55.69456     3.8850563],20.0000,3.0000,[-44.976925 -94.13628    5.318674],20.0000,6.0000,[-12.330495 -69.33028    5.718784],20.0000,3.0000,[-32.000874 -87.15469    5.995939],20.0000,5.0000
128,[-24.21748  -56.528065   3.792644],20.0000,3.0000,[-44.42453  -95.081535   5.591936],20.0000,6.0000,[-11.343387 -69.81174    5.609001],20.0000,3.0000,[-31.467106 -87.39066    6.062102],20.0000,4.0000
129,[-25.008137 -57.291447   3.701209],20.0000,6.0000,[-43.673073  -95.8856      5.8484063],20.0000,6.0000,[-10.411561 -70.39418    5.508004],20.0000,3.0000,[-30.919968 -87.59554    6.074429],20.0000,5.0000
130,[-25.870241  -57.97139     3.8850977],20.0000,6.0000,[-42.75732   -96.50524     6.0753045],20.0000,6.0000,[ -9.541891  -71.06626     5.4126534],20.0000,3.0000,[-30.369507 -87.7897     6.157121],20.0000,4.0000
131,[-26.637688 -58.74943    4.163426],20.0000,6.0000,[-41.728706  -96.917496    6.2717924],20.0000,6.0000,[ -8.740096  -71.81803     5.3201766],20.0000,3.0000,[-29.805912 -87.9458     6.175034],20.0000,5.0000
132,[-27.224018  -59.67035     4.4449735],20.0000,6.0000,[-40.639412   -97.122086     0.16573822],20.0000,3.0000,[ -8.011607 -72.64095    5.228725],20.0000,3.0000,[-29.239199  -88.087975    6.2584977],20.0000,4.0000
133,[-27.596285  -60.700138    4.7181344],20.0000,6.0000,[-3.9533226e+01 -9.7118904e+01  6.1025523e-02],20.0000,3.0000,[ -7.361833 -73.52726    5.137343],20.0000,3.0000,[-28.662788  -88.18983     6.2753086],20.0000,5.0000
134,[-27.732164  -61.79249     4.9737935],20.0000,6.0000,[-38.436844  -97.16459     6.1478677],20.0000,3.0000,[ -6.796034  -74.46934     5.0456834],20.0000,3.0000,[-2.8084711e+01 -8.8277130e+01  7.3926665e-02],20.0000,4.0000
135,[-27.621237 -62.89275    5.199515],20.0000,6.0000,[-37.36188   -97.360405    5.9603305],20.0000,3.0000,[ -6.319055  -75.45932     4.9537163],20.0000,3.0000,[-27.50095    -88.32341      0.08930791],20.0000,4.0000
136,[-27.279371 -63.946896   5.395036],20.0000,6.0000,[-36.327255  -97.708305    5.7973914],20.0000,3.0000,[ -5.9350977 -76.488945    4.861529 ],20.0000,3.0000,[-2.6917301e+01 -8.8352257e+01  7.8212775e-02],20.0000,5.0000
137,[-26.739792 -64.91501    5.571701],20.0000,,[-35.345364  -98.18648     5.6484294],20.0000,,[ -5.647571 -77.54955    4.76922 ],20.0000,,[-26.334703  -88.37873     0.1515104],20.0000,
